Jurisdicción,CUE Anexo,Nombre,Sector,Ámbito,Domicilio,CP,Código de área,Teléfono,Código localidad,Localidad,Departamento,Mail,,,,Ed. Adultos,Ed. Artística,Ed. Hospitalaria Domiciliaria,Ed. Intercultural Bilingüe,Ed. Contexto de Encierro,Jardín maternal,Inicial,Primaria,Secundaria,Secundaria Técnica (INET),Superior no Universitario,Superior No Universitario (INET),Secundaria,Superior no Universitario,Cursos y Talleres,Educación Temprana,Inicial,Primaria,Secundaria,Integración,Primaria,EGB3,Secundaria,Alfabetización,Formación Profesional,Formación Profesional (INET),Inicial,Primaria,Secundaria,Servicios complementarios
Buenos Aires,61374001,ANEXO DE INSTITUTO SUPERIOR DE FORMACIÓN DOCENTE Nº166,Estatal,Rural,SARMIENTO ESQ. SAN MARTÍN 400,7003,249,442-3837,6791037,MARIA IGNACIA,TANDIL,escuelanormaltandil@gmail.com,normaltandil@ciudad.com.ar,,,,,,,,,,,,,X,,,,,,,,,,,,,,,,,,,
Buenos Aires,61005401,ANEXO I DE ESCUELA DE EDUCACIÓN SECUNDARIA Nº1,Estatal,Urbano,BELGRANO 553,7000,249,443-8668,6791044,TANDIL,TANDIL,secundaria.anexo3011@gmail.com,laurabfigueroa@yahoo.com.ar,,,,,,,,,,,X,,,,,,,,,,,,,,,,,,,,,
Buenos Aires,61075101,ANEXO I DE ESCUELA DE EDUCACIÓN SECUNDARIA Nº2,Estatal,Urbano,AMEGHINO E/ QUINTANA Y VTE.LOPEZ 355 VILLA ITALIA,7000,249,445-3995,6791044,TANDIL,TANDIL,secundaria2tandil@gmail.com,,,,,,,,,,,,X,,,,,,,,,,,,,,,,,,,,,
Buenos Aires,62390701,ANEXO I DE LA ESCUELA DE EDUCACIÓN SECUNDARIA TÉCNICA Nº6,Estatal,Rural,L N. ALEM. ESTACION FULTON 285,7007,249,4442637/33,6791022,FULTON,TANDIL,tecnica2fulton@live.com.ar,,,,,,,,,,,,X,,,,,,,,,,,,,,,,,,,,,
Buenos Aires,61518400,C.E.A.T. Nº1 MATER,Estatal,Urbano,GARIBALDI 743,7000,2293,43-4805,6791044,TANDIL,TANDIL,atditandil@hotmail.com,mcuburu@abc.gob.ar,oet1020001@abc.gov.ar,,,,,,,,,,,,,,,,,X,,,,,,,,,,,,,,
Buenos Aires,61006301,CENTRO DE ADULTOS Nº703,Estatal,Urbano,URIBURU 1569,7000,249,443-3745,6791044,TANDIL,TANDIL,nucleamiento1ttandil@gmail.com,dc102703@abc.gov.ar,dc102703@abc.gov.ar,,X,,,,,,,,,,,,,,,,,,,,X,,,,,,,,,
Buenos Aires,60424801,CENTRO DE ADULTOS Nº706,Estatal,Urbano,PJE. SALCEDA 724 VILLA GAUCHO,7000,2494,43-4025,6791044,TANDIL,TANDIL,odc1020706@abc.gov.ar,nucleamiento03@gmail.com,odc1020706@abc.gov.ar,,X,,,,,,,,,,,,,,,,,,,,X,,,,,,,,,
Buenos Aires,61006302,CENTRO DE ADULTOS Nº707,Estatal,Urbano,LAS HERAS 874,7000,249,443-3785,6791044,TANDIL,TANDIL,nucleamiento1ttandil@gmail.com,dc102707@abc.gov.ar,dc102707@abc.gov.ar,,X,,,,,,,,,,,,,,,,,,,,X,,,,,,,,,
Buenos Aires,61006303,CENTRO DE ADULTOS Nº708,Estatal,Urbano,LAS HERAS 1150,7000,249,443-3785,6791044,TANDIL,TANDIL,nucleamiento1ttandil1@gmail.com,dc102708@abc.gov.ar,dc102708@abc.gov.ar,,X,,,,,,,,,,,,,,,,,,,,X,,,,,,,,,
Buenos Aires,60521401,CENTRO DE ADULTOS Nº709,Estatal,Urbano,LA PASTORA Y MISIONES 590,7000,249,443-3723,6791044,TANDIL,TANDIL,odc1020709@abc.gov.ar,alicia1manterola@gmail.com,odc1020709@abc.gov.ar,,X,,,,,,,,,,,,,,,,,,,,X,,,,,,,,,
Buenos Aires,60424802,CENTRO DE ADULTOS Nº710,Estatal,Urbano,DARRAGUEIRA Y PÍO XII S/N,7000,2494,43-4025,6791044,TANDIL,TANDIL,odc1020710@abc.gov.ar,nucleamiento03@gmail.com,odc1020710@abc.gov.ar,,X,,,,,,,,,,,,,,,,,,,,X,,,,,,,,,
Buenos Aires,60650000,CENTRO DE ADULTOS Nº711,Estatal,Rural,13 ESQUINA 16 ESTACION GARDEY S/N,7000,249,449-3089,6791023,GARDEY,TANDIL,mansosilvana77@gmail.com,odc1020711@abc.gov.ar,odc1020711@abc.gov.ar,,X,,,,,,,,,,,,,,,,,,,,X,,,,,,,,,
Buenos Aires,60069400,CENTRO DE ADULTOS Nº712,Estatal,Rural,SARMIENTO Y SAN MARTÍN S/N,7003,249,456-8158,6791037,MARIA IGNACIA,TANDIL,nancype13@hotmail.com,nancype13@hotmail.com,odc1020712@abc.gov.ar,,X,,,,,,,,,,,,,,,,,,,,X,,,,,,,,,
Buenos Aires,60521403,CENTRO DE ADULTOS Nº713,Estatal,Urbano,BOLIVIA Y THOMAS 102 las tunitas,7000,249,443-3723,6791044,TANDIL,TANDIL,nucleamiento4tandil@gmail.com,alicia1manterola@gmail.com,odc1020713@abc.gov.ar,,X,,,,,,,,,,,,,,,,,,,,X,,,,,,,,,
Buenos Aires,60521402,CENTRO DE ADULTOS Nº714,Estatal,Urbano,DANTE ALIGHIERI Y LUNGUI 590,7000,2494,443-3723,6791044,TANDIL,TANDIL,alicia1manterola@gmail.com,odc1020714@abc.gov.ar,odc1020714@abc.gov.ar,,X,,,,,,,,,,,,,,,,,,,,X,,,,,,,,,
Buenos Aires,62292700,"CENTRO DE CAPACITACION, CULTURA Y DEPORTES -UNCBPA",Estatal,Urbano,NIGRO 1620,7000,249,443-2615,6791044,TANDIL,TANDIL,universidadbarrial@rec.unicen.edu.ar,universidadbarrial@rec.unicen.edu.ar,,,X,,,,,,,,,,,,,,,,,,,,,,,,X,,,,,
Buenos Aires,62234400,CENTRO DE EDUCACION FISICA Nº162,Estatal,Rural,Avellaneda 477,7005,2293,449-1013,6791037,MARIA IGNACIA,TANDIL,cef162mariaignacia@gmail.com,,,,,,,,,,,,,,,,,,,,,,,,,,,,,,,,,X
Buenos Aires,61640100,CENTRO DE EDUCACION FÍSICA Nº42,Estatal,Urbano,ROSALIA DE CASTRO 1131,7000,249,443-3718,6791044,TANDIL,TANDIL,cef42tandil@yahoo.com.ar,fc102042@abc.gov.ar,fc102042@abc.gov.ar,,,,,,,,,,,,,,,,,,,,,,,,,,,,,,,X
Buenos Aires,62089800,CENTRO DE FORMACION LABORAL Nº1 HECTOR REYNALDO HAGEN,Estatal,Urbano,SANDINO E/JUNCAL Y CALLAO 118,7000,2494,43-1331,6791044,TANDIL,TANDIL,cfltandil@hotmail.com,,,,,,,,,,,,,,,,,,,,,,X,X,,,,,,,,,,
Buenos Aires,61518500,CENTRO DE FORMACION PROFESIONAL Nº401,Estatal,Urbano,GARIBALDI 853,7000,249,43-3735,6791044,TANDIL,TANDIL,cfp401tandil401t@yahoo.com.ar,df102401@abc.gov.ar,df102401@abc.gov.ar,,X,,,,,,,,,,,,,,,,,,,,,,,,X,X,,,,
Buenos Aires,62056000,CENTRO DE FORMACION PROFESIONAL Nº403,Estatal,Urbano,GARIBALDI 1583,,2293,44-9482,6791044,TANDIL,TANDIL,cfp403tandil@gmail.com,,,,X,,,,,,,,,,,,,,,,,,,,,,,,X,X,,,,
Buenos Aires,61650800,CENTRO EDUCATIVO COMPLEMENTARIO Nº1,Estatal,Urbano,BRANDSEN E/ VIAMONTE Y DE ANDREA 969,7000,249,443-3729,6791044,TANDIL,TANDIL,centroedu801tandil@gmail.com,virginiadennehy@yahoo.com.ar,sc102001@abc.gov.ar,,,,,,,,,,,,,,,,,,,,,,,,,,,,,,,X
Buenos Aires,61650900,CENTRO EDUCATIVO COMPLEMENTARIO Nº2,Estatal,Urbano,AERONAUTICA ARGENTINA Y CHAPALEOFU 2402,7000,249,443-3730,6791044,TANDIL,TANDIL,ceducativocomplementario802@gmail.com,cordalalejandra@yahoo.com.ar,sc102002@abc.gov.ar,,,,,,,,,,,,,,,,,,,,,,,,,,,,,,,X
Buenos Aires,62381600,CENTRO EDUCATIVO DE NIVEL SECUNDARIO Nº452,Estatal,Urbano,FUGL Y AZCUENAGA 601,7000,249,444-1050,6791044,TANDIL,TANDIL,secundaria1tandil@gmail.com,,,,X,,,,,,,,,,,,,,,,,,,,,,X,,,,,,,
Buenos Aires,62381800,CENTRO EDUCATIVO DE NIVEL SECUNDARIO Nº453,Estatal,Urbano,URQUIZA 250,,,,6791044,TANDIL,TANDIL,,,,,X,,,,,,,,,,,,,,,,,,,,,,X,,,,,,,
Buenos Aires,62381900,CENTRO EDUCATIVO DE NIVEL SECUNDARIO Nº454,Estatal,Rural,SARMIENTO 648,7003,2494,449-1024,6791044,TANDIL,TANDIL,eem5vela@yahoo.com.ar,normapuccip@gmail.com,,,X,,,,,,,,,,,,,,,,,,,,,,X,,,,,,,
Buenos Aires,62382000,CENTRO EDUCATIVO DE NIVEL SECUNDARIO Nº455,Estatal,Urbano,SAENZ PEÑA 2154,7000,2494,445-1949,6791044,TANDIL,TANDIL,cens455@gmail.com,adrieag1207@gmail.com,,,X,,,,,,,,,,,,,,,,,,,,,,X,,,,,,,
Buenos Aires,62382100,CENTRO EDUCATIVO DE NIVEL SECUNDARIO Nº456,Estatal,Urbano,RIVADAVIA 102,7000,249,442-1039,6791044,TANDIL,TANDIL,cens456tandil@gmail.com,,,,X,,,,,,,,,,,,,,,,,,,,,,X,,,,,,,
Buenos Aires,61005900,CENTRO EDUCATIVO NIVEL SECUNDARIO Nº451,Estatal,Urbano,ESPAÑA 851,7000,249,444-0316,6791044,TANDIL,TANDIL,cens451tandil@gmail.com,yolandatoreesduarte@hotmail.com,dm102451@abc.gov.ar,,X,,,,,,,,,,,,,,,,,,,,,,X,,,,,,,
Buenos Aires,61457400,CONSERVATORIO DE MUSICA ISAÍAS ORBE,Estatal,Urbano,BELGRANO 745,7000,249,442-3874,6791044,TANDIL,TANDIL,conserorbe@gmail.com.ar,am102001@abc.gov.ar,am102001@abc.gov.ar,,,X,,,,,,,,,X,,,,X,,,,,,,,,,,,,,,
Buenos Aires,61006300,ESCUELA DE ADULTOS Nº701,Estatal,Urbano,AVDA ESPAÑA 851,7000,2293,43-3785,6791044,TANDIL,TANDIL,nucleamiento1tandil@gmail.com,de102701@abc.gov.ar,de102701@abc.gov.ar,,X,,,,,,,,,,,,,,,,,,,,X,,,,,,,,,
Buenos Aires,60424800,ESCUELA DE ADULTOS Nº702,Estatal,Urbano,UGALDE Y PIO XII S/N,7000,2494,43-4025,6791044,TANDIL,TANDIL,de102702@abc.gov.ar,nucleamiento03@gmail.com,de102702@abc.gov.ar,,X,,,,,,,,,,,,,,,,,,,,X,,,,,,,,,
Buenos Aires,60521400,ESCUELA DE ADULTOS Nº704,Estatal,Urbano,CHEVERRIER 222,7000,249,443-3723,6791044,TANDIL,TANDIL,de102704@abc.gov.ar,nucleamiento4tandil@gmail.com,de102704@abc.gov.ar,,X,,,,,,,,,,,,,,,,,,,,X,,,,,,,,,
Buenos Aires,61457300,ESCUELA DE CERAMICA,Estatal,Urbano,9 DE JULIO E/ 25 DE MAYO Y MAIPU 276,7000,249,443-5816,6791044,TANDIL,TANDIL,escueladeceramica37@yahoo.com.ar,oac1020002@abc.gov.ar,oac1020002@abc.gov.ar,,,X,,,,,,,,,X,,,,X,,,,,,,,,,,,,,,
Buenos Aires,61005200,ESCUELA DE EDUCACIÓN PRIMARIA Nº1 MANUEL BELGRANO,Estatal,Urbano,GRAL BELGRANO/RODRIGUEZ E INDEPENDENCI 557,7000,2293,43-3722,6791044,TANDIL,TANDIL,ep1tandil@gmail.com,pp102001@abc.gov.ar,pp102001@abc.gov.ar,,,,,,,,,X,,,,,,,,,,,,,,,,,,,,,,
Buenos Aires,61003900,ESCUELA DE EDUCACIÓN PRIMARIA Nº10 DOMINGO MATHEU,Estatal,Urbano,THOMAS Y BOLIVIA S/N LAS TUNITAS,7000,2293,43-4036,6791044,TANDIL,TANDIL,ep10tandil@gmail.com,pp102010@abc.gov.ar,pp102010@abc.gov.ar,,,,,,,,,X,,,,,,,,,,,,,,,,,,,,,,
Buenos Aires,61006000,ESCUELA DE EDUCACIÓN PRIMARIA Nº11 BARTOLOME MITRE,Estatal,Urbano,MACHADO E/RODRIGUEZ Y 9 DE JULIO 640,7000,249,45-1865,6791044,TANDIL,TANDIL,ep11tandil@gmail.com,patricialopez@gmail.com,pp102011@abc.gov.ar,,,,,,,,,X,,,,,,,,,,,,,,,,,,,,,,
Buenos Aires,60639100,ESCUELA DE EDUCACIÓN PRIMARIA Nº12 MIGUEL DE AZCUENAGA,Estatal,Rural,RUTA 74 KM 216 S/N LOS MIMBRES,7000,249,421-7973,6791044,TANDIL,TANDIL,ep12tandil@gmail.com,npmaxicont848@gmail.com,opp1020012@abc.gov.ar,,,,,,,,,X,,,,,,,,,,,,,,,,,,,,,,
Buenos Aires,60650200,ESCUELA DE EDUCACIÓN PRIMARIA Nº13 DOMINGO FAUSTINO SARMIENTO,Estatal,Rural,AVELLANEDA E/ BELGRANO Y MORENO 477,7003,249,49-1013,6791037,MARIA IGNACIA,TANDIL,ep13tandil@gmail.com,opp1020013@abc.gov.ar,opp1020013@abc.gov.ar,,,,,,,,,X,,,,,,,,,,,,,,,,,,,,,,
Buenos Aires,60378700,ESCUELA DE EDUCACIÓN PRIMARIA Nº14 ELISA SOLARI DE LEVY NICOLAS,Estatal,Urbano,ENTRE RÍOS 522,7000,249,445-2307,6791044,TANDIL,TANDIL,ep14tandil@gmail.com,pp102014@abc.gov.ar,pp102014@abc.gov.ar,,,,,,,,,X,,,,,,,,,,,,,,,,,,,,,,
Buenos Aires,60649400,ESCUELA DE EDUCACIÓN PRIMARIA Nº15 MARTÍN MIGUEL DE GÜEMES,Estatal,Rural,AV.TRABAJADOR RURAL S/N,7013,249,53-8994,6791011,DE LA CANAL,TANDIL,ep15tandil@gmail.com,opp1020015@abc.gov.ar,opp1020015@abc.gov.ar,,,,,,,,,X,,,,,,,,,,,,,,,,,,,,,,
Buenos Aires,60071000,ESCUELA DE EDUCACIÓN PRIMARIA Nº17,Estatal,Rural,RUTA PROVINCIAL 30 S/N LA NUMANCIA,7000,249,15-465-6958,6791044,TANDIL,TANDIL,eptandil@gmail.com,opp1020017@abc.gov.ar,opp1020017@abc.gov.ar,,,,,,,,,X,,,,,,,,,,,,,,,,,,,,,,
Buenos Aires,60070400,ESCUELA DE EDUCACIÓN PRIMARIA Nº18 JUAN JOSÉ PASO,Estatal,Rural,PJE. EL SOLCITO S/N EL SOLCITO,7000,2494,66-0183,6791044,TANDIL,TANDIL,ep18tandil@gmail.com,opp1020018@abc.gov.ar,opp1020018@abc.gov.ar,,,,,,,,,X,,,,,,,,,,,,,,,,,,,,,,
Buenos Aires,60649900,ESCUELA DE EDUCACIÓN PRIMARIA Nº19 BERNARDINO RIVADAVIA,Estatal,Rural,9 DE julio 0616,7003,2293,49-3089,6791023,GARDEY,TANDIL,ep19tandil@gmail.com,opp1020019@abc.gov.ar,opp1020019@abc.gov.ar,,,,,,,,,X,,,,,,,,,,,,,,,,,,,,,,
Buenos Aires,61006200,ESCUELA DE EDUCACIÓN PRIMARIA Nº2 CARLOS PELLEGRINI,Estatal,Urbano,AVDA. ESPAÑA E/ ALEM Y PAZ 851,7000,2293,44-0316,6791044,TANDIL,TANDIL,ep2tandil@gmail.com,pp102002@abc.gov.ar,pp102002@abc.gov.ar,,,,,,,,,X,,,,,,,,,,,,,,,,,,,,,,
Buenos Aires,61075500,ESCUELA DE EDUCACIÓN PRIMARIA Nº21 JUAN BAUTISTA ALBERDI,Estatal,Urbano,AMEGHINO/QUINTANA Y VTE.LOPEZ 355 VILLA ITALIA,7000,2494,45-0900,6791044,TANDIL,TANDIL,ep21tandil@gmail.com,pp102021@abc.gov.ar,pp102021@abc.gov.ar,,,,,,,,,X,,,,,,,,,,,,,,,,,,,,,,
Buenos Aires,60069900,ESCUELA DE EDUCACIÓN PRIMARIA Nº22 LORENZO MONTUFAR,Estatal,Urbano,AVDA.JUAN B.JUSTO 950 VILLA LAZA,7000,2293,43-4133,6791044,TANDIL,TANDIL,ep22tandil@gmail.com,pp102022@abc.gov.ar,pp102022@abc.gov.ar,,,,,,,,,X,,,,,,,,,,,,,,,,,,,,,,
Buenos Aires,60639000,ESCUELA DE EDUCACIÓN PRIMARIA Nº23 JUAN JOSÉ CASTELLI,Estatal,Rural,IRAOLA. S/N ESTACION IRAOLA,7000,2293,15-33-9948,6791044,TANDIL,TANDIL,ep23tandil@gmail.com,opp1020023@abc.gov.ar,opp1020023@abc.gov.ar,,,,,,,,,X,,,,,,,,,,,,,,,,,,,,,,
Buenos Aires,60069500,ESCUELA DE EDUCACIÓN PRIMARIA Nº25 HIPOLITO YRIGOYEN,Estatal,Urbano,CHAPALEOFU Y PUJOL S/N EL MOLINO,7000,249,442-0693,6791044,TANDIL,TANDIL,ep25tandil@gmail.com,opp1020025@abc.gov.ar,opp1020025@abc.gov.ar,,,,,,,,,X,,,,,,,,,,,,,,,,,,,,,,
Buenos Aires,60069700,ESCUELA DE EDUCACIÓN PRIMARIA Nº28 GABRIELA MISTRAL,Estatal,Rural,LOS JAZMINES 338 ESTACION AZUCENA,7005,249,15-453-0743,6791044,TANDIL,TANDIL,ep28tandil@gmail.com,opp1020028@abc.gov.ar,opp1020028@abc.gov.ar,,,,,,,,,X,,,,,,,,,,,,,,,,,,,,,,
Buenos Aires,60639200,ESCUELA DE EDUCACIÓN PRIMARIA Nº29 CORNELIO SAAVEDRA,Estatal,Rural,VECINAL S/N,7000,249,15-464-4666,6791014,DESVIO AGUIRRE,TANDIL,ep29tandil@gmail.com,opp1020029@abc.gov.ar,opp1020029@abc.gov.ar,,,,,,,,,X,,,,,,,,,,,,,,,,,,,,,,
Buenos Aires,60080800,ESCUELA DE EDUCACIÓN PRIMARIA Nº3 COMODORO PEDRO ZANNI,Estatal,Rural,CAMINO BASE AEREA S/N BASE AEREA,7000,249,424-5542,6791044,TANDIL,TANDIL,ep3tandil@gmail.com,opp1020003@abc.gov.ar,opp1020003@abc.gov.ar,,,,,,,,,X,,,,,,,,,,,,,,,,,,,,,,
Buenos Aires,60080200,ESCUELA DE EDUCACIÓN PRIMARIA Nº30 ARMADA ARGENTINA,Estatal,Rural,CAMINO VECINAL,7001,249,15-424-5542,6791029,LA PASTORA,TANDIL,ep30tandil@gmail.com,opp1020030@abc.gov.ar,opp1020030@abc.gov.ar,,,,,,,,,X,,,,,,,,,,,,,,,,,,,,,,
Buenos Aires,60070000,ESCUELA DE EDUCACIÓN PRIMARIA Nº31 CNEL.ANTONIO LOPEZ DE OSORNIO,Estatal,Rural,MAESE 2802 EL CENTINELA,7000,249,449-8965,6791044,TANDIL,TANDIL,angander30@yahoo.com.ar,angander30@yahoo.com.ar,opp1020031@abc.gov.ar,,,,,,,,,X,,,,,,,,,,,,,,,,,,,,,,
Buenos Aires,60856500,ESCUELA DE EDUCACIÓN PRIMARIA Nº32 BALDOMERA GÜIRALDES,Estatal,Urbano,PALACIOS E/UGALDE Y DARREGUEIRA 1597 villa gaucho,7000,249,443-3765,6791044,TANDIL,TANDIL,ep32tandli@gmail.com,pp102032@abc.gov.ar,pp102032@abc.gov.ar,,,,,,,,,X,,,,,,,,,,,,,,,,,,,,,,
Buenos Aires,60649500,ESCUELA DE EDUCACIÓN PRIMARIA Nº33 GUILLERMO ENRIQUE HUDSON,Estatal,Rural,RUTA 30 KM 122 S/N LA PORTEÑA,7000,249,463-7617,6791044,TANDIL,TANDIL,ep33tandil@gmail.com,opp1020033@abc.gov.ar,opp1020033@abc.gov.ar,,,,,,,,,X,,,,,,,,,,,,,,,,,,,,,,
Buenos Aires,60928300,ESCUELA DE EDUCACIÓN PRIMARIA Nº34 GENERAL JOSÉ DE SAN MARTIN,Estatal,Urbano,CONSTITUCION/MONTIEL Y 11 DE SETIEMBRE 1450,7000,249,44-2848,6791044,TANDIL,TANDIL,ep34tandil@gmail.com.ar,pp102034@abc.gov.ar,pp102034@abc.gov.ar,,,,,,,,,X,,,,,,,,,,,,,,,,,,,,,,
Buenos Aires,61075700,ESCUELA DE EDUCACIÓN PRIMARIA Nº36 EJERCITO ARGENTINO,Estatal,Urbano,DANTE ALIGHIERI 590 LA MOVEDIZA,7000,2293,45-2529,6791044,TANDIL,TANDIL,ep36tandil@gmail.com,pp102036@abc.gov.ar,pp102036@abc.gov.ar,,,,,,,,,X,,,,,,,,,,,,,,,,,,,,,,
Buenos Aires,60379500,ESCUELA DE EDUCACIÓN PRIMARIA Nº37 CONGRESO DE TUCUMAN,Estatal,Urbano,11 DE SETIEMBRE E/URIBURU Y ARANA 1461,7000,249,444-1864,6791044,TANDIL,TANDIL,ep37tandil@gmail.com,pp102037@abc.gov.ar,pp102037@abc.gov.ar,,,,,,,,,X,,,,,,,,,,,,,,,,,,,,,,
Buenos Aires,60649600,ESCUELA DE EDUCACIÓN PRIMARIA Nº38 JOSÉ HERNANDEZ,Estatal,Rural,CUARTEL X- BASE AEREA S/N SAN ANTONIO,7000,2293,15-48-3922,6791044,TANDIL,TANDIL,ep38tandil@gmail.com,opp1020038@abc.gov.ar,opp1020038@abc.gov.ar,,,,,,,,,X,,,,,,,,,,,,,,,,,,,,,,
Buenos Aires,60649700,ESCUELA DE EDUCACIÓN PRIMARIA Nº4 MARIANO MORENO,Estatal,Urbano,MADERNI Y LEONES 2798 CERRO LEONES,7000,249,445-1109,6791044,TANDIL,TANDIL,ep4tandil@gmail.com,opp1020004@abc.gov.ar,opp1020004@abc.gov.ar,,,,,,,,,X,,,,,,,,,,,,,,,,,,,,,,
Buenos Aires,61168700,ESCUELA DE EDUCACIÓN PRIMARIA Nº42 JUAN MARTÍN DE PUEYRREDON,Estatal,Urbano,CHEVERRIER 222,7000,249,443-6853,6791044,TANDIL,TANDIL,ep42tandil@gmail.com,opp1020042@abc.gov.ar,opp1020042@abc.gov.ar,,,,,,,,,X,,,,,,,,,,,,,,,,,,,,,,
Buenos Aires,60070800,ESCUELA DE EDUCACIÓN PRIMARIA Nº44 ENRIQUE RISSO,Estatal,Rural,ESTACION FULTON S/N,7007,249,15-449-2388,6791044,TANDIL,TANDIL,ep44tandil@gmail.com,opp1020044@abc.gov.ar,opp1020044@abc.gov.ar,,,,,,,,,X,,,,,,,,,,,,,,,,,,,,,,
Buenos Aires,60070900,ESCUELA DE EDUCACIÓN PRIMARIA Nº46 MORA DURANONA DE CAPDEPONT,Estatal,Rural,IJURCO 3220,7000,249,15-431-1047,6791031,LA UNION,TANDIL,ep46tandil@gmail.com,opp1020046@abc.gov.ar,opp1020046@abc.gov.ar,,,,,,,,,X,,,,,,,,,,,,,,,,,,,,,,
Buenos Aires,60049900,ESCUELA DE EDUCACIÓN PRIMARIA Nº47 CORONEL BENITO MACHADO,Estatal,Urbano,UGALDE 1457,7000,2494,43-3766,6791044,TANDIL,TANDIL,ep47tandil@gmail.com,pp102047@abc.gov.ar,pp102047@abc.gov.ar,,,,,,,,,X,,,,,,,,,,,,,,,,,,,,,,
Buenos Aires,60080400,ESCUELA DE EDUCACIÓN PRIMARIA Nº48 JUAN BAUTISTA AZOPARDO,Estatal,Rural,ZONA RURAL SIN NU,7000,249,15-433-4047,6791056,LOS HUESOS,TANDIL,ep48tandil@gmail.com,opp1020048@abc.gov.ar,opp1020048@abc.gov.ar,,,,,,,,,X,,,,,,,,,,,,,,,,,,,,,,
Buenos Aires,60379400,ESCUELA DE EDUCACIÓN PRIMARIA Nº5 NICOLAS AVELLANEDA,Estatal,Urbano,AVDA. MARCONI E / MONTIEL Y MORENO 1550,7000,249,43-4548,6791044,TANDIL,TANDIL,pp102005@abc.gov.ar,pp102005@abc.gov.ar,pp102005@abc.gov.ar,,,,,,,,,X,,,,,,,,,,,,,,,,,,,,,,
Buenos Aires,60080100,ESCUELA DE EDUCACIÓN PRIMARIA Nº51 MARIANO MORENO,Estatal,Rural,CUARTEL XI S/N EL DESTINO,7000,249,15-459-0782,6791044,TANDIL,TANDIL,ep51tandil@gmail.com,pp102051@abc.gov.ar,pp102051@abc.gov.ar,,,,,,,,,X,,,,,,,,,,,,,,,,,,,,,,
Buenos Aires,61380300,ESCUELA DE EDUCACIÓN PRIMARIA Nº53 COMANDANTE DON EDUARDO OLIVERA,Estatal,Urbano,ANA TWEESDALE E/ FELS Y HANDSEN 1220 BARRIO FALUCHO I,7000,294,443-3767,6791044,TANDIL,TANDIL,ep53tandil@gmail.com,pp102053@abc.gov.ar,pp102053@abc.gov.ar,,,,,,,,,X,,,,,,,,,,,,,,,,,,,,,,
Buenos Aires,61075600,ESCUELA DE EDUCACIÓN PRIMARIA Nº56 FRANCISCO JULDAIN,Estatal,Urbano,LA MOVEDIZA 921,7000,249,443-3768,6791044,TANDIL,TANDIL,ep56tandil@gmail.com,pp102056@abc.gov.ar,pp102056@abc.gov.ar,,,,,,,,,X,,,,,,,,,,,,,,,,,,,,,,
Buenos Aires,61075300,ESCUELA DE EDUCACIÓN PRIMARIA Nº58 BRIGADIER GRAL. MARTÍN RODRIGUEZ,Estatal,Urbano,J.A.CABRAL 629,7000,2494,45-2517,6791044,TANDIL,TANDIL,ep58tandil@gmail.com.ar,pp102058@abc.gov.ar,pp102058@abc.gov.ar,,,,,,,,,X,,,,,,,,,,,,,,,,,,,,,,
Buenos Aires,60619600,ESCUELA DE EDUCACIÓN PRIMARIA Nº59 JUAN FUGL,Estatal,Urbano,INDEPENDENCIA / NIGRO Y BASILICO S/N,7000,2294,43-4737,6791044,TANDIL,TANDIL,pp102059@abc.gov.ar,pp102059@abc.gov.ar,pp102059@abc.gov.ar,,,,,,,,,X,,,,,,,,,,,,,,,,,,,,,,
Buenos Aires,60639400,ESCUELA DE EDUCACIÓN PRIMARIA Nº6 SAN ANTONIO,Estatal,Rural,RUTA NACIONAL 226 KM 132 S/N SAN BENITO,7000,249,15-402-2965,6791044,TANDIL,TANDIL,ep6tandil@gmail.com,eaalmada75@yahoo.com.ar,opp1020006@abc.gov.ar,,,,,,,,,X,,,,,,,,,,,,,,,,,,,,,,
Buenos Aires,60070200,ESCUELA DE EDUCACIÓN PRIMARIA Nº60 VICENTE LOPEZ Y PLANES,Estatal,Rural,RUTA 30/IRAOLA Y AEROCLUB S/N SANTA ANA,7000,2494,31-0178,6791044,TANDIL,TANDIL,ep60tandil@gmail.com,elbakessy@hotmail.com,opp1020060@abc.gov.ar,,,,,,,,,X,,,,,,,,,,,,,,,,,,,,,,
Buenos Aires,60080900,ESCUELA DE EDUCACIÓN PRIMARIA Nº64 ALMAFUERTE,Estatal,Rural,CUARTEL X S/N SANTA TERESA,7000,249,457-4288,6791044,TANDIL,TANDIL,ep64tandil@gmail.com,opp1020064@abc.gov.ar,opp1020064@abc.gov.ar,,,,,,,,,X,,,,,,,,,,,,,,,,,,,,,,
Buenos Aires,60080300,ESCUELA DE EDUCACIÓN PRIMARIA Nº65,Estatal,Rural,CUARTEL XI S/N EL REMANSO,7000,2293,15-64-8269,6791044,TANDIL,TANDIL,ep65tandil@gmail.com,opp1020065@abc.gov.ar,opp1020065@abc.gov.ar,,,,,,,,,X,,,,,,,,,,,,,,,,,,,,,,
Buenos Aires,60272500,ESCUELA DE EDUCACIÓN PRIMARIA Nº67 BRIGADIER MARTÍN RODRIGUEZ,Estatal,Urbano,COLOMBIA ESQ. S. RIVAS S/N,7000,2293,43-3985,6791044,TANDIL,TANDIL,ep67tandil@gmail.com,pp102067@abc.gov.ar,pp102067@abc.gov.ar,,,,,,,,,X,,,,,,,,,,,,,,,,,,,,,,
Buenos Aires,61374200,ESCUELA DE EDUCACIÓN PRIMARIA Nº68 GRAL.JOSÉ DE SAN MARTIN,Estatal,Urbano,SANTAMARINA 851,7000,2293,43-3769,6791044,TANDIL,TANDIL,ep68tandil@hotmail,pp102068@abc.gov.ar,pp102068@abc.gov.ar,,,,,,,,,X,,,,,,,,,,,,,,,,,,,,,,
Buenos Aires,61169100,ESCUELA DE EDUCACIÓN PRIMARIA Nº7 JULIO A. ROCA,Estatal,Urbano,AVDA ESPAÑA 2,7000,249,444-0950,6791044,TANDIL,TANDIL,ep7tandil@gmail.com,pp102007@abc.gov.ar,pp102007@abc.gov.ar,,,,,,,,,X,,,,,,,,,,,,,,,,,,,,,,
Buenos Aires,60265700,ESCUELA DE EDUCACIÓN PRIMARIA Nº8 PRESBITERO MANUEL ALBERTI,Estatal,Rural,REF UNIV Y RUTA 226 KM 163 1/2 S/N ARROYO SECO,7000,249,15-460-4082,6791044,TANDIL,TANDIL,ep8tandil@gmail.com,opp1020008@abc.gov.ar,opp1020008@abc.gov.ar,,,,,,,,,X,,,,,,,,,,,,,,,,,,,,,,
Buenos Aires,60070300,ESCUELA DE EDUCACIÓN PRIMARIA Nº9 FUERTE INDEPENDENCIA,Estatal,Rural,TABORIN C. TURISTICO SEMIPERMANENTE S/N PINAR DE LA SIERRA,7000,249,15-465-6558,6791044,TANDIL,TANDIL,ep9tandil@gmail.com,opp1020009@abc.gov.ar,opp1020009@abc.gov.ar,,,,,,,,,X,,,,,,,,,,,,,,,,,,,,,,
Buenos Aires,60649300,ESCUELA DE EDUCACIÓN SECUNDARIA AGRARIA Nº1 DR. RAMÓN SANTAMARINA,Estatal,Rural,RP Nº30 KM 122.5 PARAJE LA PORTEÑA,7000,249,442-3686,6791054,LA PORTEÑA,TANDIL,eeatandil@gmail.com,oma1020001@abc.gov.ar,oma1020001@abc.gov.ar,,,,,,,,,,X,X,,,,,,,,,,,,,,,,,,,,
Buenos Aires,61005400,ESCUELA DE EDUCACIÓN SECUNDARIA Nº1 LUCIO V MANSILLA,Estatal,Urbano,FUGL 601,7000,249,444-1050,6791044,TANDIL,TANDIL,secundaria1tandil@gmail.com,secundaria1tandil@gmail.com,,,,,,,,,,,X,,,,,,,,,,,,,,,,,,,,,
Buenos Aires,61373800,ESCUELA DE EDUCACIÓN SECUNDARIA Nº10 GRAL JOSÉ DE SAN MARTIN,Estatal,Urbano,AV. SANTAMARINA 851,7000,294,442-3254,6791044,TANDIL,TANDIL,equipodirectivosec10@gmail.com,,,,,,,,,,,,X,,,,,,,,,,,,,,,,,,,,,
Buenos Aires,62063400,ESCUELA DE EDUCACIÓN SECUNDARIA Nº12 RENE GERONIMO FAVALORO,Estatal,Rural,LOS JAZMINES 338 AZUNENA,7000,2293,464-8519,6791044,TANDIL,TANDIL,sjulieta7308@yahoo.com.ar,,,,,,,,,,,,X,,,,,,,,,,,,,,,,,,,,,
Buenos Aires,62064300,ESCUELA DE EDUCACIÓN SECUNDARIA Nº13,Estatal,Rural,AV.DEL TRABAJADOR RURAL S/N,7000,249,458-3486,6791011,DE LA CANAL,TANDIL,secundaria13delacanal@gmail.com,,,,,,,,,,,,X,,,,,,,,,,,,,,,,,,,,,
Buenos Aires,61760000,ESCUELA DE EDUCACIÓN SECUNDARIA Nº14,Estatal,Urbano,PALACIOS 1597 villa gaucho,7000,249,443-0119,6791044,TANDIL,TANDIL,eesec14@yahoo.com.ar,cecilcompa@yahoo.com.ar,,,,,,,,,,,X,,,,,,,,,,,,,,,,,,,,,
Buenos Aires,61984400,ESCUELA DE EDUCACIÓN SECUNDARIA Nº15,Estatal,Urbano,AVDA.JUAN B.JUSTO 950 VILLA LAZA,7000,249,444-7224,6791044,TANDIL,TANDIL,es15tandil@gmail.com,,,,,,,,,,,,X,,,,,,,,,,,,,,,,,,,,,
Buenos Aires,62286800,ESCUELA DE EDUCACIÓN SECUNDARIA Nº16,Estatal,Urbano,MADERNI E/ LAMBERTO Y FERNANDEZ S/N,,249,445-1781,6791001,ACELAIN,TANDIL,es16cerroleones@gmail.com,,,,,,,,,,,,X,,,,,,,,,,,,,,,,,,,,,
Buenos Aires,61760100,ESCUELA DE EDUCACIÓN SECUNDARIA Nº17,Estatal,Urbano,DANTE ALIGHIERI 590 LA MOVEDIZA,7000,249,445-2498,6791044,TANDIL,TANDIL,escuelasecundaria17.tandil@gmail.com,mtbarneche@gmail.com,,,,,,,,,,,X,,,,,,,,,,,,,,,,,,,,,
Buenos Aires,61760200,ESCUELA DE EDUCACION SECUNDARIA Nº18,Estatal,Urbano,11 DE SETIEMBRE E/ URIBURU Y ARANA 1461,7000,249,443-3842,6791044,TANDIL,TANDIL,escuelasecundaria18@gmail.com,,,,,,,,,,,,X,,,,,,,,,,,,,,,,,,,,,
Buenos Aires,61760500,ESCUELA DE EDUCACIÓN SECUNDARIA Nº19,Estatal,Urbano,J.A.CABRAL 629,7000,249,445-0145,6791044,TANDIL,TANDIL,secundaria19tandil@gmail.comr,mciccimarra@yahoo.com.ar,obs1020013@abc.gov.ar,,,,,,,,,,X,,,,,,,,,,,,,,,,,,,,,
Buenos Aires,62021900,ESCUELA DE EDUCACIÓN SECUNDARIA Nº20,Estatal,Urbano,JULDAIN 51,7770,249,442-1039,6791044,TANDIL,TANDIL,escedusec20tandil@yahoo.com.ar,,,,,,,,,,,,X,,,,,,,,,,,,,,,,,,,,,
Buenos Aires,60619500,ESCUELA DE EDUCACIÓN SECUNDARIA Nº4 DR MARCIANO ALDUNCIN,Estatal,Urbano,COLECTORA NORTE L.MA.MACAYA 2094,7000,249,443-3793,6791044,TANDIL,TANDIL,secundaria4tandil@gmail.com,,,,,,,,,,,,X,,,,,,,,,,,,,,,,,,,,,
Buenos Aires,60081100,ESCUELA DE EDUCACIÓN SECUNDARIA Nº5 SARGENTO CABRAL,Estatal,Rural,SARMIENTO ESQ.SAN MARTIN S/N,7003,249,449-1024,6791037,MARIA IGNACIA,TANDIL,eem5vela@yahoo.com.ar,,,,,,,,,,,,X,,,,,,,,,,,,,,,,,,,,,
Buenos Aires,61006100,ESCUELA DE EDUCACIÓN SECUNDARIA Nº7 ROBERTO DABIDOS,Estatal,Urbano,SAENZ PEÑA 2154 BARRIO ARCO IRIS,7000,249,445-1949,6791044,TANDIL,TANDIL,emartadiaz@gmail.com,secundariasietetandil@gmail.com,,,,,,,,,,,X,,,,,,,,,,,,,,,,,,,,,
Buenos Aires,60929600,ESCUELA DE EDUCACIÓN SECUNDARIA Nº8 FUERTE DE LA INDEPENDENCIA,Estatal,Urbano,4 DE abril 0890,7000,249,443-3833,6791044,TANDIL,TANDIL,aliciagogna@hotmail.com,mciccimarra@yahoo.com.ar,,,X,,,,,,,,X,,,,,,,,,,,,,,X,,,,,,,
Buenos Aires,60619700,ESCUELA DE EDUCACIÓN SECUNDARIA TÉCNICA Nº1 VI BRIGADA AÉREA,Estatal,Urbano,COLECTORA NORTE LUIS M.MACAYA 2094 VILLA ALDUNCIN,7000,249,443-3793,6791044,TANDIL,TANDIL,eest1@gmail.com,menovick@hotmail.com,mt102001@abc.gov.ar,,X,,,,,,,,X,X,,,,,,,,,,,,,X,,X,,,,,
Buenos Aires,61351200,ESCUELA DE EDUCACIÓN SECUNDARIA TÉCNICA Nº2 INGENIERO FELIPE SENILLOSA,Estatal,Urbano,L.N. ALEM 285,7000,249,444-2633/37,6791044,TANDIL,TANDIL,tecnica2.senillosa@gmail.com,tecnica2.senillosa@gmail.com,mt102002@abc.gov.ar,,X,,,,,,,,X,X,,,,,,,,,,,,,,,X,,,,,
Buenos Aires,61022200,ESCUELA DE EDUCACIÓN SECUNDARIA TÉCNICA Nº3 DR. NORBERTO PIÑERO,Estatal,Urbano,H. YRIGOYEN 636,7000,249,442-2981,6791044,TANDIL,TANDIL,secreteariatecnica3tandil@hotmail.com,mt102003@abc.gov.ar,mt102003@abc.gov.ar,,X,,,,,,,,X,X,,,,,,,,,,,,,X,,,,,,,
Buenos Aires,60650100,ESCUELA DE EDUCACIÓN SECUNDARIA TÉCNICA Nº4 JOSÉ HERNANDEZ,Estatal,Rural,AVDA. INDEPENDENCIA 679,7003,2293,449-3296,6791023,GARDEY,TANDIL,tecnica4gandey@gmail.com,,,,,,,,,,,,X,X,,,,,,,,,,,,,,,,,,,,
Buenos Aires,60573100,ESCUELA DE EDUCACIÓN SECUNDARIA TÉCNICA Nº5 JUAN DOMINGO PERÓN,Estatal,Urbano,AV.PTE. PERON 937,7000,249,443-3791,6791044,TANDIL,TANDIL,tecnica5tandil@yahoo.com.ar,,,,X,,,,,,,,X,X,,,,,,,,,,,,,X,,,,,,,
Buenos Aires,62390700,ESCUELA DE EDUCACIÓN SECUNDARIA TÉCNICA Nº6,Estatal,Urbano,RUTA 226 KM 132 S/N SAN BENITO,7000,249,449-6162,6791044,TANDIL,TANDIL,tecnica2.san.antonio@gmail.com,,,,,,,,,,,,X,,,,,,,,,,,,,,,,,,,,,
Buenos Aires,60573300,ESCUELA ESPECIAL Nº501 RICARDO GUTIERREZ,Estatal,Urbano,LAMADRID 161,7000,2494,42-8084,6791044,TANDIL,TANDIL,ee102501@abc.gov.ar,escuela501tandil@hotmail.com,ee102501@abc.gov.ar,,,,,,,,,,,,,,,,,,X,X,X,X,,,,,,,,,,
Buenos Aires,60379600,ESCUELA ESPECIAL Nº502 CECILIA GRIERSON,Estatal,Urbano,AVENIDA AVELLANEDA 872,7000,249,443-3719,6791044,TANDIL,TANDIL,ee502hosp_dom@hotmail.com,ee102502@abc.gov.ar,ee102502@abc.gov.ar,,,,X,,,,,,,,,,,,,,,,,,,,,,,,X,X,X,
Buenos Aires,60070700,ESCUELA ESPECIAL Nº503 JORGE NEWBERY,Estatal,Urbano,SAN LORENZO 782,7000,2293,443-3720,6791044,TANDIL,TANDIL,ee503tandil@hotmail.com,ee102503@abc.gov.ar,ee102503@abc.gov.ar,,,,,,,,,,,,,,,,,,,X,,X,,,,,,,,,,
Buenos Aires,60856800,ESCUELA ESPECIAL Nº504 DR. GILBERTO URCELAY,Estatal,Urbano,NIGRO E/ INDEPENDENCIA Y S. FRANCISCO 2200,7000,2293,43-4121,6791044,TANDIL,TANDIL,escuela504tandil@gmail.com,ee102504@abc.gov.ar,ee102504@abc.gov.ar,,,,,,,,,,,,,,,,,,,X,,X,,,,,,,,,,
Buenos Aires,61694400,ESCUELA NACIONAL DR. ERNESTO SABATO,Estatal,Urbano,LOBERIA 760,7000,2494,43-0387,6791044,TANDIL,TANDIL,secretariasabatol@gmail.com,,,,,,,,,,,,X,,,,,,,,,,,,,,,,,,,,,
Buenos Aires,61022500,ESCUELA SECUNDARIA ESPECIALIZADA EN ARTE Nº1,Estatal,Urbano,4 DE abril 0651,7000,249,442-3119,6791044,TANDIL,TANDIL,escuelapolivalente@yahoo.com.ar,,,,,X,,,,,,,X,,,,X,,,,,,,,,,,,,,,,,
Buenos Aires,61075100,ESCUELASECUNDARIA Nº2 FLORENTINO AMEGHINO,Estatal,Urbano,URQUIZA 250,7000,249,445-1797,6791044,TANDIL,TANDIL,secundaria2tandil@gmail.com,,,,,,,,,,,,X,,,,,,,,,,,,,,,,,,,,,
Buenos Aires,62234401,EXTENSION A CENTRO DE EDUCACION FISICA Nº162,Estatal,Rural,ZONA RURAL S/N,7005,249,449-1452,6791004,AZUCENA,TANDIL,cef162mariaignacia@gmail.com,,,,,,,,,,,,,,,,,,,,,,,,,,,,,,,,,X
Buenos Aires,62064301,EXTENSION I DE ESCUELA DE EDUCACIÓN SECUNDARIA Nº13,Estatal,Urbano,CHAPALEOFU Y PUJOL S/N EL MOLINO,,249,442-0693,6791044,TANDIL,TANDIL,direccionesb16l@gmail.com,,,,,,,,,,,,X,,,,,,,,,,,,,,,,,,,,,
Buenos Aires,60619501,EXTENSION I DE ESCUELA DE EDUCACIÓN SECUNDARIA Nº4,Estatal,Urbano,UGALDE E/ MEXICO Y GUATEMALA 1485,7000,249,442-6231,6791044,TANDIL,TANDIL,secundaria4tandil@gmail.com,,,,,,,,,,,,X,,,,,,,,,,,,,,,,,,,,,
Buenos Aires,61707500,INSTITUTO AGROTECNOLÓGICO DE TANDIL DR. RAMÓN SANTAMARINA,Estatal,Rural,RUTA Nº30 KM 122 0 LA PORTEÑA,7000,249,15-451-0999,6791044,TANDIL,TANDIL,iat.tandil@gmail.com,ois1020000@abc.gov.ar,ois1020000@abc.gov.ar,,,,,,,,,,,,X,X,,,,,,,,,,,,,,,,,,
Buenos Aires,61022400,INSTITUTO DEL PROFESORADO DE ARTE TANDIL Nº4 ESCULTOR CARLOS ALFONSO ALLENDE,Estatal,Urbano,LEANDRO N. ALEM 448,7000,249,442-2782,6791044,TANDIL,TANDIL,infoipat@gmail.com,aa102004@abc.gov.ar,aa102004@abc.gov.ar,,,X,,,,,,,,,X,,,,X,,,,,,,,,,,,,,,
Buenos Aires,61374000,INSTITUTO SUPERIOR DE F. D. Nº166 GRAL.J.DE SAN MARTIN,Estatal,Urbano,AV.SANTAMARINA 851,7000,249,442-3837,6791044,TANDIL,TANDIL,escuelanormaltandil@gmail.com,normaltandil@ciudad.com.ar,is102166@abc.gov.ar,,,,,,,,,,,,X,,,,,,,,,,,,,,,,,,,
Buenos Aires,60928900,INSTITUTO SUPERIOR DE FORMACION DOCENTE Nº10,Estatal,Urbano,BELGRANO ESQ. MORENO 1610,7000,249,444-0637,6791044,TANDIL,TANDIL,instituto10@fibertel.com.ar,is102010@abc.gov.ar,is102010@abc.gov.ar,,,,,,,,,,,,X,,,,,,,,,,,,,,,,,,,
Buenos Aires,61613900,INSTITUTO SUPERIOR DE FORMACION DOCENTE Y TÉCNICA Nº75,Estatal,Urbano,AERONAUTICA ARGENTINA 2700,7000,249,442-3138,6791044,TANDIL,TANDIL,info@isft75.edu.ar,ois1020075@abc.gov.ar,ois1020075@abc.gov.ar,,,,,,,,,,,,X,X,,,,,,,,,,,,,,,,,,
Buenos Aires,69003300,JARDÍN DE INFANTES DR. OSVALDO M. ZARINI,Estatal,Urbano,ARANA 1539,7000,2494,42-7319,6791044,TANDIL,TANDIL,jardinzarini.unicen@gmail.com,,,,,,,,,,X,,,,,,,,,,,,,,,,,,,,,,,
Buenos Aires,61003800,JARDÍN DE INFANTES Nº901 DR. RENÉ FAVALORO,Estatal,Urbano,MAIPU 348,7000,249,444-0339,6791044,TANDIL,TANDIL,jardin901tandil@gmail.com,masonwil2@hotmail.com,ji102901@abc.gov.ar,,,,,,,,X,,,,,,,,,,,,,,,,,,,,,,,
Buenos Aires,60856900,JARDÍN DE INFANTES Nº902 DR.LISARDO CABANA,Estatal,Urbano,PEYREL 1568 VILLA AGUIRRE,7000,249,442-8750,6791044,TANDIL,TANDIL,ji102902@abc.gov.ar,guadalupe_jazmin@yahoo.com.ar,ji102902@abc.gov.ar,,,,,,,,X,,,,,,,,,,,,,,,,,,,,,,,
Buenos Aires,60424900,JARDÍN DE INFANTES Nº903 MARIA ELENA WALSH,Estatal,Urbano,VICENTE LOPEZ 732 BARRIO VILLA ITALIA,7000,2293,45-1908,6791044,TANDIL,TANDIL,jardin903tandil@gmail.com,ji102903@abc.gov.ar,ji102903@abc.gov.ar,,,,,,,X,X,,,,,,,,,,,,,,,,,,,,,,,
Buenos Aires,60015800,JARDÍN DE INFANTES Nº904 JOSÉ EMILIO LUNGHI,Estatal,Urbano,VIAMONTE ESQ BRANDSEN S/N,7000,2494,43-5317,6791044,TANDIL,TANDIL,jardin904tandil@gmail.com,ji102904@abc.gov.ar,ji102904@abc.gov.ar,,,,,,,,X,,,,,,,,,,,,,,,,,,,,,,,
Buenos Aires,60928800,JARDÍN DE INFANTES Nº905 JUANA AZURDUY,Estatal,Urbano,ROCA E/ BELGRANO Y MAIPU 365,7000,2293,43-3724,6791044,TANDIL,TANDIL,jardin905tandil@gmail.com,ji102905@abc.gov.ar,ji102905@abc.gov.ar,,,,,,,,X,,,,,,,,,,,,,,,,,,,,,,,
Buenos Aires,61075400,JARDÍN DE INFANTES Nº906 MERCEDITAS SAN MARTIN,Estatal,Urbano,JOSE CABRAL/PRATT Y PIZZARRO 654,7000,2494,45-2870,6791044,TANDIL,TANDIL,jardin906tandil@gmail.com,ji102906@abc.gov.ar,ji102906@abc.gov.ar,,,,,,,,X,,,,,,,,,,,,,,,,,,,,,,,
Buenos Aires,60856700,JARDÍN DE INFANTES Nº907 DR. GUILLERMO GUANELLA,Estatal,Urbano,COLOMBIA 115 BARRIO FALUCHO II,7000,249,443-3725,6791044,TANDIL,TANDIL,jardin907tandil@gmail.com,patricgomez5@abc.gob.ar,ji102907@abc.gov.ar,,,,,,,,X,,,,,,,,,,,,,,,,,,,,,,,
Buenos Aires,60081200,JARDÍN DE INFANTES Nº908 DR.ZARINI,Estatal,Rural,11 499,7003,249,449-3291,6791023,GARDEY,TANDIL,infantes908@yahoocom.ar,oji1020908@abc.gov.ar,oji1020908@abc.gov.ar,,,,,,,,X,,,,,,,,,,,,,,,,,,,,,,,
Buenos Aires,60081300,JARDÍN DE INFANTES Nº909 MERCEDITAS,Estatal,Rural,MITRE E/URIBURU Y MORENO 350,7003,2494,449-1143,6791037,MARIA IGNACIA,TANDIL,jardin909tandil@gmail.com,oji1020909@abc.gov.ar,oji1020909@abc.gov.ar,,,,,,,,X,,,,,,,,,,,,,,,,,,,,,,,
Buenos Aires,60424700,JARDÍN DE INFANTES Nº910,Estatal,Urbano,DANTE ALIGHIERI E/ LUNGHI Y RIO NEGRO 500 LA MOVEDIZA,7000,2494,45-2760,6791044,TANDIL,TANDIL,jardin910tandil@gmail.com,ji102910@abc.gov.ar,ji102910@abc.gov.ar,,,,,,,,X,,,,,,,,,,,,,,,,,,,,,,,
Buenos Aires,60928700,JARDÍN DE INFANTES Nº911 CERRO DEL LIBERTADOR,Estatal,Urbano,SERRANO (EX CHILE) 1215,7000,249,443-3720,6791044,TANDIL,TANDIL,jardin911tandil@yahoo.com.ar,ji102911@abc.gov.ar,ji102911@abc.gov.ar,,,,,,,,X,,,,,,,,,,,,,,,,,,,,,,,
Buenos Aires,60069800,JARDÍN DE INFANTES Nº912,Estatal,Urbano,PAVON 961 VILLA LAZA,7000,249,443-3731,6791044,TANDIL,TANDIL,jardin912tandil@gmail.com,ji102912@abc.gov.ar,ji102912@abc.gov.ar,,,,,,,,X,,,,,,,,,,,,,,,,,,,,,,,
Buenos Aires,60069600,JARDÍN DE INFANTES Nº913 ELDA GAFFURI,Estatal,Rural,LOS JAZMINES S/N ESTACION AZUCENA,7000,2494,62-8198,6791004,AZUCENA,TANDIL,jardin913tandil@gmail.com,oji1020913@abc.gov.ar,oji1020913@abc.gov.ar,,,,,,,,X,,,,,,,,,,,,,,,,,,,,,,,
Buenos Aires,60070500,JARDÍN DE INFANTES Nº914,Estatal,Rural,LOS ARRIEROS S/N ESTACION FULTON,7000,2293,469-9262,6791022,FULTON,TANDIL,jardin914tandil@gmail.com,oji1020914@abc.gov.ar,oji1020914@abc.gov.ar,,,,,,,,X,,,,,,,,,,,,,,,,,,,,,,,
Buenos Aires,60080700,JARDÍN DE INFANTES Nº915,Estatal,Urbano,BASSO AGUIRRE S/N CERRO LEONES,7000,249,445-1291,6791044,TANDIL,TANDIL,jardin915tandil@gmail.com,oji1020915@abc.gov.ar,oji1020915@abc.gov.ar,,,,,,,,X,,,,,,,,,,,,,,,,,,,,,,,
Buenos Aires,60856600,JARDÍN DE INFANTES Nº916 JUANA MANSO,Estatal,Urbano,SAN FRANCISCO E/ NIGRO Y BASILICO 2125 25 DE MAYO-V.AGUIRRE,7000,2494,443-3732,6791044,TANDIL,TANDIL,juanamansojardin@gmail.com,ji102916@abc.gov.ar,ji102916@abc.gov.ar,,,,,,,X,X,,,,,,,,,,,,,,,,,,,,,,,
Buenos Aires,60573200,JARDÍN DE INFANTES Nº917 ROSARIO VERA PEÑALOZA,Estatal,Urbano,MONTIEL/MACHADO Y ARANA 1596,7000,2494,443-3733,6791044,TANDIL,TANDIL,0917jardintandil@gmail.com,paulacharlone@gmail.com,oji1020917@abc.gov.ar,,,,,,,,X,,,,,,,,,,,,,,,,,,,,,,,
Buenos Aires,60639500,JARDÍN DE INFANTES Nº918,Estatal,Rural,RUTA 226 - KM.132 S/N SAN BENITO,7000,294,15-460-1881,6791044,TANDIL,TANDIL,jardin918tandil@gmail.com,oji1020918@abc.gov.ar,oji1020918@abc.gov.ar,,,,,,,X,X,,,,,,,,,,,,,,,,,,,,,,,
Buenos Aires,60265900,JARDÍN DE INFANTES Nº919 MARCELO RAUL FEDERICO,Estatal,Rural,REFORMA UNIVERSITARIA Y RUTA 226 1571 ARROYO SECO,7000,249,440-6954,6791044,TANDIL,TANDIL,jardin919@gmail.com,oji1020919@abc.gov.ar,oji1020919@abc.gov.ar,,,,,,,,X,,,,,,,,,,,,,,,,,,,,,,,
Buenos Aires,60649800,JARDÍN DE INFANTES Nº920 VI BRIGADA AEREA,Estatal,Rural,PARAJE BASE AEREA S/N BASE AEREA,7000,249,433-6345,6791044,TANDIL,TANDIL,sofiacacio@hotmail.com,jardin920tandil@gmail.com,oji1020920@abc.gov.ar,,,,,,,X,X,,,,,,,,,,,,,,,,,,,,,,,
Buenos Aires,60080600,JARDÍN DE INFANTES Nº921,Estatal,Rural,AV. DEL TRABAJADOR RURAL S/N,7013,2293,424-1718,6791011,DE LA CANAL,TANDIL,jardin921tandil@gmail.com,oji1020921@abc.gov.ar,oji1020921@abc.gov.ar,,,,,,,X,X,,,,,,,,,,,,,,,,,,,,,,,
Buenos Aires,60379100,JARDÍN DE INFANTES Nº922 JOSÉ DE SAN MARTIN,Estatal,Urbano,AV.SANTAMARINA 851 851,7000,2293,443-3734,6791044,TANDIL,TANDIL,jardin922tandil@gmail.com,ji102922@abc.gov.ar,ji102922@abc.gov.ar,,,,,,,,X,,,,,,,,,,,,,,,,,,,,,,,
Buenos Aires,61278500,JARDÍN DE INFANTES Nº923 VILLA ITALIA NORTE,Estatal,Urbano,LA MOVEDIZA 939,7000,2293,443-3744,6791044,TANDIL,TANDIL,jardin923tandil@gmail.com,ji102923@abc.gov.ar,ji102923@abc.gov.ar,,,,,,,,X,,,,,,,,,,,,,,,,,,,,,,,
Buenos Aires,61248000,JARDÍN DE INFANTES Nº924 FRANCISCO JULDAIN,Estatal,Urbano,BOLIVIA Y THOMAS 504,7000,2293,443-4016,6791044,TANDIL,TANDIL,jardin924tandil@gmail.com,ji102924@abc.gov.ar,ji102924@abc.gov.ar,,,,,,,X,X,,,,,,,,,,,,,,,,,,,,,,,
Buenos Aires,62206700,JARDÍN DE INFANTES Nº925,Estatal,Urbano,SAENZ PEÑA E/ ENTRE RIOS Y CORRIENTES 2150 BARRIO ARCO IRIS,7000,249,445-2872,6791044,TANDIL,TANDIL,jardin925tandil@gmail.com,,,,,,,,,,X,,,,,,,,,,,,,,,,,,,,,,,
Buenos Aires,62291500,JARDÍN DE INFANTES Nº926,Estatal,Urbano,SAN FRANCISCO 701 (MARZORATTI Y PASAJE 1) 701 BARRIO PALERMO,7000,249,15-424-3046,6791044,TANDIL,TANDIL,jardin926tandil@gmail.com,,,,,,,,,,X,,,,,,,,,,,,,,,,,,,,,,,
Buenos Aires,62132700,JARDÍN DE INFANTES RURAL Nº1,Estatal,Rural,PJE EL SOLCITO S/N EL solcito,7000,2494,30-9163,6791065,EL SOLCITO,TANDIL,jirmm1tandil@gmail.com,dacovich_jardin@hotmail.com,ojs1020001@abc.gov.ar,,,,,,,X,X,,,,,,,,,,,,,,,,,,,,,,,
Buenos Aires,62170800,JARDÍN DE INFANTES RURAL Nº10,Estatal,Urbano,IJURCO 3220,7000,2262,15-55-9421,6791053,LA PESQUERIA,TANDIL,jirimm10tandil@gmail.com,,,,,,,,,,X,,,,,,,,,,,,,,,,,,,,,,,
Buenos Aires,62170200,JARDÍN DE INFANTES RURAL Nº11,Estatal,Rural,ACCESO LOS HUESOS S/N LOS HUESOS,7000,249,15-430-6934,6791056,LOS HUESOS,TANDIL,jirimm11tandil@gmail.com,,,,,,,,,X,X,,,,,,,,,,,,,,,,,,,,,,,
Buenos Aires,62058300,JARDÍN DE INFANTES RURAL Nº12,Estatal,Urbano,RUTA 30 - KM 122 S/N LA PORTEÑA,7000,249,15-446-8578,6791044,TANDIL,TANDIL,jirimm12tandil@gmail.com,marinafesembeck@gmail.com,,,,,,,,,X,,,,,,,,,,,,,,,,,,,,,,,
Buenos Aires,62130000,JARDÍN DE INFANTES RURAL Nº2,Estatal,Rural,LA PATRIA S/N La Patria,7000,2293,15-61-1941,6791059,SANTA TERESA,TANDIL,jirimm02tandil@gmail.com,ojs1020002@abc.gov.ar,ojs1020002@abc.gov.ar,,,,,,,,X,,,,,,,,,,,,,,,,,,,,,,,
Buenos Aires,62127300,JARDÍN DE INFANTES RURAL Nº3,Estatal,Rural,CUARTEL X BASE AEREA S/N,7000,249,15-455-7226,6791040,SAN ANTONIO,TANDIL,maral.72@hotmail.com,jirimm3tandil@gmail.com,ojs1020003@abc.gov.ar,,,,,,,,X,,,,,,,,,,,,,,,,,,,,,,,
Buenos Aires,62141500,JARDÍN DE INFANTES RURAL Nº4,Estatal,Rural,PJE. LA PASTORA S/N LA PASTORA,7000,249,15-446-8210,6791029,LA PASTORA,TANDIL,jirimm4tandil@gmail.com,rebecamengucci@yahoo.com.ar,ojs1020004@abc.gov.ar,,,,,,,X,X,,,,,,,,,,,,,,,,,,,,,,,
Buenos Aires,62153700,JARDÍN DE INFANTES RURAL Nº5,Estatal,Rural,RUTA 74 S/N,7000,249,464-4427,6791014,DESVIO AGUIRRE,TANDIL,jirimncinco@gmail.com,js1020005@abc.gov.ar,js1020005@abc.gov.ar,,,,,,,,X,,,,,,,,,,,,,,,,,,,,,,,
Buenos Aires,62154200,JARDÍN DE INFANTES RURAL Nº6,Estatal,Rural,RUTA 30 SN,7000,249,459-9301,6791034,LAS NUMANCIAS,TANDIL,jirimm6tandil@gmail.com,ojs1020006@abc.gov.ar,ojs1020006@abc.gov.ar,,,,,,,X,X,,,,,,,,,,,,,,,,,,,,,,,
Buenos Aires,62033100,JARDÍN DE INFANTES RURAL Nº7,Estatal,Rural,CUARTEL XI S/N EL REMANSO,7000,294,15-401-7324,6791044,TANDIL,TANDIL,jirimm7tandil@gmail.com,clugones@4abc.gob.ar,,,,,,,,X,X,,,,,,,,,,,,,,,,,,,,,,,
Buenos Aires,62167200,JARDÍN DE INFANTES RURAL Nº8,Estatal,Urbano,CUARTEL II S/N SANTA ANA,7000,249,464-6108,6791044,TANDIL,TANDIL,jirimm8tandil@gmail.com,,,,,,,,,X,X,,,,,,,,,,,,,,,,,,,,,,,
Buenos Aires,62056700,JARDÍN DE INFANTES RURAL Nº9,Estatal,Rural,ESTACION IRAOLA S/N,7000,249,15-433-5647,6791044,TANDIL,TANDIL,jirimm9tandil@gmail.com,gisehe@hotmail.com,,,,,,,,,X,,,,,,,,,,,,,,,,,,,,,,,
Buenos Aires,62336600,JARDÍN MATERNAL ARROYITO,Estatal,Urbano,CAMPUS UNIVERSITARIO S/N,7000,249,438-5513,6791044,TANDIL,TANDIL,maternalarroyito@gmail.com,,,,,,,,,X,,,,,,,,,,,,,,,,,,,,,,,,
Buenos Aires,62297300,JARDÍN MATERNAL CONVENIADO Nº1,Estatal,Urbano,9 DE JULIO E/MITRE Y ESPAÑA 882,7000,249,442-4721,6791044,TANDIL,TANDIL,jardinmaternaltandil@gmail.com,jardinmaternalconveniado1@gmail.com,,,,,,,,X,,,,,,,,,,,,,,,,,,,,,,,,
Buenos Aires,62336700,JARDÍN MATERNAL DEL CENTRO,Estatal,Urbano,ALBERDI 452,7000,249,443-1904,6791044,TANDIL,TANDIL,maternaldelcentro@rec.unicen.edu.ar,jardinmaternaldelcentro@gmail.com,,,,,,,,X,,,,,,,,,,,,,,,,,,,,,,,,